regime,mean,std,count
bear,-0.005054675,0.008485266,201
bull,0.0024904667,0.0043076514,795
sideways,-0.0009519243,0.0065392074,764
